MedInc,HouseAge,AveRooms,AveOccup,Latitude,Longitude,Price
6.243561663863074,28,1,4,32.88989714856346,-123.9835624288755,411732.0710583123
14.310000289738827,7,5,2,41.91696073372452,-120.23585037479306,897757.0429082921
11.247915185359671,35,2,2,37.410028989276626,-118.29238519040926,668584.1343442758
9.381218778758512,28,5,2,41.84845743967094,-119.21295142034478,615027.6855302125
3.1842609661941115,14,5,2,41.389964220859774,-115.37923857423402,335409.8827455491
3.183923284706837,10,4,1,36.528137142109166,-122.94594714043834,323959.66523666336
1.8131705703547925,16,7,2,33.984910746053494,-118.46176559366275,279426.82545327523
13.126466040849092,16,2,1,33.64884776565138,-118.87020650179093,794799.1715894141
9.415610164404923,31,1,2,34.399893638699574,-121.18607017827837,556270.5484860217
10.913016089144637,42,1,3,39.10132640564537,-115.77771887422989,621333.5533665261
1.2881829201412343,25,6,4,34.72949994731488,-116.47151344117793,221045.42926164978
14.57873793026792,13,3,2,35.414252696042986,-116.67140812668168,892566.9367532954
12.654196971205904,6,6,3,36.487788039946146,-115.23807521730444,844031.6287508935
3.972747549495866,44,6,2,41.132326804214564,-116.77215399378478,301820.1818158485
3.5455495408994087,9,1,2,33.89393417884846,-121.68158708285273,320444.7322204411
3.5676631379480734,45,4,2,32.05026552609803,-116.94437288350309,286140.60641987366
5.259391401433528,36,5,3,32.6009641037817,-120.92297186610156,381386.8304254964
8.346590042851329,43,7,4,41.04766341680118,-121.57825349652529,558367.8590591453
7.047230260989621,20,5,3,38.47516464843363,-123.26996407100373,524826.1619771223
5.077207962772587,18,5,4,34.73040619327807,-116.55971419652323,408878.7774962033
9.565940526113312,43,2,2,33.771925010111914,-116.88999038050189,563219.6343230708
2.9529140491285855,21,1,1,34.94266736637114,-121.65500522325907,249566.17267760582
5.090025079493055,4,7,2,33.1479692725128,-116.50620983275844,474233.13983594865
6.129065806111684,33,4,4,41.41532910284441,-114.82159116906448,449585.0376605452
7.384979779038503,27,2,3,39.84206174365267,-122.9197104250842,498576.98362532817
11.99246345950219,7,3,2,36.62391176912541,-121.67363361613225,759849.5994748335
3.7954329502170365,6,4,3,40.64962605115202,-116.49739205912684,378632.92704053124
8.199282137790561,15,6,3,34.49458204293232,-121.25493326492922,600300.5888455801
9.293803964068594,18,4,3,39.17120568472193,-117.75336025716283,613263.2124007274
1.6503057780799681,32,4,2,40.561324990137436,-123.18835775536286,213382.75312851873
9.505627926620138,11,5,3,35.567687116232726,-119.47797520896461,639391.6253724718
3.3873377316220816,20,4,3,39.57464445450718,-116.60908578007047,322254.98293556564
1.9107223017939132,24,6,2,34.95072349264309,-117.13486056956748,244436.38020832677
14.284397521546666,15,6,3,34.988571352590306,-115.84927899324194,882836.8826506516
14.518848463043831,48,1,2,33.07057178554186,-115.22547873396832,772251.0192010679
12.317562873630456,7,4,4,36.40058046509399,-116.26816498741242,802766.806957867
5.26459276842719,21,5,4,39.297119064974225,-117.28412257061073,421425.8873344015
2.367409596089374,42,4,4,41.40220805571285,-123.6827750818397,236113.48295033156
10.579262371170197,26,3,3,38.03796991929096,-118.65033326590556,643923.8087824781
7.162134912354418,44,3,1,40.631355377357394,-123.62302275085148,434565.4557526392
2.7085352878269036,14,5,1,40.22494649290227,-115.91932182883977,298611.5031626053
7.932476741557783,37,1,3,33.73343052975281,-120.79275475540042,491345.53202305804
1.4814392956130575,21,1,1,36.85817428912632,-118.37570625882078,176634.539868615
13.73048562910295,18,6,2,33.16923535525392,-121.20554692681097,859301.0227482577
4.622919742400237,5,6,1,38.82153161561635,-116.17499855619707,432725.31956709747
10.275311980955747,3,2,3,41.498996682460756,-115.13497473358098,681241.4946932564
5.363955065251753,23,5,3,33.370894580787564,-120.01357505786936,414186.53750519664
8.280952296489351,26,4,2,39.33883130802541,-115.37077606489011,532779.6382711637
8.653943910805914,37,7,4,38.32238150867861,-121.32924992543667,594800.1617573237
3.5879623773573783,24,5,3,37.836050370081,-118.65339076924477,317036.2011933805
14.57418478870382,49,2,2,35.901202346883395,-115.41238570161296,806950.2896157169
11.851859527055604,19,6,1,35.55131647753812,-120.7411865738421,755461.0903735966
14.152985181898648,25,5,1,32.45249189018888,-114.45957734921915,860821.2900503194
13.527582905987083,21,5,2,34.179087082520134,-122.78120498218617,838342.6423725642
9.370599703355191,12,6,2,32.15176882286827,-123.81724930276494,664468.0084837597
13.906239290323636,41,2,3,37.8141710558202,-114.9586464742181,778833.3189797332
2.2388950287268727,33,6,1,33.05853235877909,-123.31351333852128,253960.40010427745
3.7437600738680326,4,1,2,40.73019394029716,-114.08110804052508,331245.93110167887
1.633182044747533,42,4,1,37.23143020697165,-114.48603138020894,177055.37084649393
5.554624630685701,7,6,2,38.996899090587085,-122.62979089963679,472556.3954308361
6.441482055652748,22,2,1,36.108570918404965,-118.62415374307434,449284.4162082276
4.798886444834543,33,3,4,37.60579809001049,-122.15079702532856,373466.826317706
12.60232512812701,17,1,3,41.4265917696663,-119.7184482696988,764164.4588222861
5.99454657371025,24,3,1,32.82734039623671,-123.38574870740167,419260.3321505325
4.933083135623331,34,7,4,34.53937771923696,-121.7607541220341,401294.8668494787
8.597745164215478,28,6,1,39.79988326910544,-120.367272036011,581014.7272584407
2.972939149646677,43,1,1,32.98737206882666,-119.61352499753946,204810.27185538292
12.230757730556554,41,4,4,32.75661103904111,-114.22503741791107,712852.1099217696
2.0437090115167917,39,6,1,35.615413987540386,-115.92134354316019,219824.11530506288
14.816417112407242,22,4,1,32.92167958472432,-116.62590055688054,870438.0253699846
11.811426770153204,49,5,3,37.850784422062034,-118.62958685258026,686460.5821213399
3.7820195414784137,17,3,4,34.262752508165995,-115.60002239395656,332109.209605418
1.0773096397304336,34,1,4,40.956979631993725,-120.60677164344288,137128.27767561254
12.416459998367678,6,4,2,39.83500080845257,-116.91100887226683,779359.2179603863
10.89600281386664,46,2,1,38.99705206099476,-114.06216024621828,627431.8123854129
11.206100352573822,6,4,3,38.16944027384502,-120.85371091064802,736138.2116407669
11.79778485360324,34,2,1,40.634657303414635,-117.25982465116033,678419.0420949524
2.036625124277265,1,6,1,34.23062061542757,-115.55685135847618,305220.67469465535
6.018520199619816,10,1,2,40.73108842764228,-114.84192416649327,427473.62661694275
2.622166833351816,21,4,1,39.89492298424052,-116.82067309059899,282607.1771860976
13.08344796225831,5,7,3,39.48160826387686,-121.16392076582864,872762.748545382
9.72617377558581,2,4,3,37.612556780749244,-120.73717848431053,659991.0188486583
5.632572347937089,22,7,2,34.462441609706,-123.79241967876035,450156.0406704023
1.8898169040043309,48,1,1,36.23547915991897,-116.3911402232849,159864.39442708148
5.353752504019271,2,4,3,39.935706545388015,-123.57260393938049,467029.5858697058
5.552566508374459,10,2,1,32.31778484357324,-115.35347645397255,416650.370756219
11.214486496732897,34,4,1,39.820507692637584,-122.81339385525462,676126.6665129662
9.925804598972984,16,3,1,34.40070740487567,-122.28123487864076,624301.2483314115
13.420978396068572,48,6,2,33.44309200721603,-119.23473529167762,794783.9785875379
7.61100895226729,39,5,1,33.15701318180302,-116.62119584831258,484500.5986548678
2.674319443136224,22,2,3,32.27250011950815,-122.60997794800922,272997.92538086494
10.98542702112193,12,3,1,37.23586485221453,-119.59928924933502,699760.7505258676
11.650990680636564,24,7,3,34.18259872693729,-119.17148725589895,757781.637878194
8.857880765972947,47,6,1,41.894317657796314,-121.87714358331408,549274.6936291426
11.793540519363853,40,1,3,37.74436755872206,-122.84441623319368,661597.1203197255
7.91313834910147,38,2,3,33.378852693560106,-115.6357907701436,479952.75841523876
8.318259611347916,10,5,1,38.88762540811365,-118.97534350237234,577527.566839501
6.985574257019695,35,6,1,40.97743566509725,-123.85618764015847,469871.8607153124
1.3558677744173326,49,7,3,39.451794953696144,-115.97018698690896,198180.92292786922
2.5104799779062623,32,5,4,32.76439861039448,-114.19206194585415,262027.75667031502
1.4400085996142795,7,1,2,40.9588418119266,-117.94073804585753,199735.71027761587
9.909745757692926,21,1,4,39.93929385859965,-118.9629161291593,632560.3667888707
5.400983735068573,20,7,4,33.58303900105614,-115.21584136955039,466562.76330233144
8.119989676305838,26,2,1,32.51785888732817,-114.47483210315401,526832.0523111483
13.705930634965302,4,7,2,37.57310575314308,-116.4546308409754,907143.7664276583
4.490091208084249,46,4,4,33.56035811339977,-119.54547070265713,317721.41788079706
6.745360922498817,22,1,1,40.34590952595272,-118.0777860066856,440155.3066920206
11.577715939602681,15,6,4,35.583346566716735,-116.99064634982001,771632.9512512569
4.2031743168827145,40,4,4,41.128924447365755,-122.05726428998199,331039.33438574953
2.077718737603102,21,3,1,37.65688172141006,-119.52798967783562,221502.81407035075
5.056520340792752,15,5,1,33.82672384239668,-115.70178735282715,422301.01078935614
3.257098021556062,22,4,1,33.395988673598,-117.45274651501558,290588.11823290295
14.015767132796023,28,5,2,37.764724375577536,-119.88795932788146,831502.8850844798
12.313685313901837,14,7,4,39.618836118624436,-117.3663746598532,813793.4983818943
9.867652591145928,27,4,1,39.81505647742182,-122.8177758792754,622170.8276025475
13.200448262628047,41,7,3,34.75757404441281,-119.98502389435123,800424.9993665367
12.251409076587603,40,3,4,34.04246758912168,-116.06871462036943,705315.0589513128
3.611980824404502,28,1,3,32.167563044923824,-121.79491212863351,295922.8670991365
13.495825978859688,26,3,2,38.79199151201169,-122.14038492442582,790759.3002206456
8.55079138681911,49,1,1,32.76568258433539,-114.49181340083568,468425.01697943965
12.304162172296875,2,7,3,36.20761201765926,-121.9010237041377,842870.5510109131
13.545278198928905,25,1,2,38.01682164018296,-121.39081420349832,795933.4548933379
5.452048649606095,3,5,1,41.371089449196774,-114.30384061095663,467466.26099826826
2.5407269433874746,8,6,3,35.11802136955769,-116.65291429734974,330321.8294111201
4.191092275587184,44,3,3,34.4977216244652,-117.00403466976472,306211.8731985298
6.979509040767589,33,4,2,38.54160154286099,-115.47073616145418,469501.17315665365
12.452206722914903,42,3,1,38.192390320535814,-122.84176917763206,696219.9389430875
13.050228165588809,35,5,1,35.32109783308125,-116.94043763419992,769765.0046715614
1.0973298274366698,6,1,3,41.28101835509786,-118.96311390671761,199047.1468822029
8.15046223608592,39,5,3,40.44862327489633,-115.7084935971586,522315.72531710577
6.843754044082906,23,2,3,34.23982545865081,-118.91858281334805,472890.30561480287
4.109509346590223,25,2,1,34.39142545434523,-117.79758645731089,315351.7393818743
2.678115142671559,43,4,2,37.123003468870806,-119.22257873600464,220337.1436108074
5.726612399650792,19,5,2,39.735721017307206,-119.21841076444156,434936.11604103394
14.200735854775267,5,7,1,32.44040379388464,-116.32030021938168,915534.5556485513
5.524841048290574,11,4,4,38.933351537347065,-117.71433599352717,436525.97819923767
8.263068704407125,12,7,2,38.48235897382097,-117.66736798390589,614689.6426418193
10.84226542453249,10,4,3,34.31480095912988,-119.49717516168474,711967.6670370437
6.090814433310116,8,2,4,38.81353013241349,-118.68890503662473,462958.3189853052
14.604949158093449,24,4,4,41.40183191252083,-116.54282333795213,880019.691444458
14.474262129189558,28,2,2,32.46785844971769,-115.74059080888082,842453.5354372323
4.524952141555098,41,1,4,35.196520552920624,-117.03438597855954,304681.8833148207
7.961479082493396,36,7,4,36.38176716666355,-114.75927011154317,556414.4387014417
5.2122963374347755,37,5,2,40.9926035892469,-115.79675911852799,383586.7757916125
4.987766921284546,21,4,2,41.62261446609157,-118.38136210190481,385399.1941693099
1.5164172629634591,8,2,4,36.441152464963324,-117.28593927356263,246179.76273882767
9.533900675718556,9,3,3,39.50028412142191,-114.73691723078804,647617.8144341357
8.03750632520406,47,7,1,37.31661023764483,-117.80831955756942,522628.87129995576
1.720702517499851,15,4,4,37.377829347413766,-115.7519305202017,261552.5777478198
4.90105049931256,48,6,4,34.780995150663564,-117.11189496410013,375071.35099442204
13.715722403533151,46,1,3,34.169562458638794,-118.48063638939533,760037.0094781086
4.353866469337614,40,1,4,34.880053459240415,-121.58161804584647,312803.7233177909
3.0285282092771233,18,3,4,37.56328007257079,-119.74002480531571,306350.55431393464
7.852338643885882,42,2,1,32.29155186022089,-114.32257175166285,474021.15534710314
14.79910635754841,20,4,1,41.07248944356406,-117.422346167274,883513.6592238761
4.388773801161006,6,7,1,33.56283709549776,-118.35604619661011,425020.1892447795
10.4098976636823,12,2,2,34.200886768713865,-114.67043374471773,651253.0363429071
11.662674614602047,2,1,2,37.18276176447647,-118.13488218962551,745559.8535060701
4.326925615893595,7,2,1,39.10114766337279,-118.73917481582598,373501.5866270367
11.195028880566035,16,1,1,32.957290547443975,-116.40689144849794,663628.8625193385
6.148963858069545,3,2,2,35.17694697547162,-116.87334381013456,476222.69542042015
9.852281628310113,45,3,3,41.68674605574357,-122.06839991591568,571480.177439709
9.869415950652526,3,5,4,34.62342966780946,-119.28691725425878,687524.3631604005
8.500845577046618,27,3,4,35.13050145063147,-119.27484557180415,563347.5265410792
2.2640567807617162,43,3,1,40.36498490618034,-120.21775484756655,187025.63591953507
12.694234938249332,40,5,3,32.502144316904555,-118.82706517847747,764250.7576360385
5.490920909604302,38,5,2,36.64613168808971,-119.86892602272856,403510.0708189474
3.611259145597959,33,4,1,35.7961676445167,-122.00654510528817,294786.98929272307
1.5708519817666948,28,7,3,35.16586759908651,-119.87633512725318,227734.17523983977
9.272501204635386,1,7,3,34.856995940447646,-123.27723052426823,675236.2042270167
10.485901065791953,8,4,3,32.913741048604095,-118.24214137225589,701802.8608408698
1.2322296049899861,37,3,2,35.14825829351649,-115.46345451058887,177047.06559032202
8.169302816189933,32,3,2,32.430524027156686,-116.74712915645445,523419.5466199967
4.170940852771132,48,1,4,39.809638636444355,-120.3960595994589,270341.15007048135
10.032419065732299,43,1,4,35.982277939580115,-123.12928794422692,584641.1243796032
3.44113000606988,37,7,3,36.439038323199114,-121.9785060077473,319256.06169496966
10.673128333434523,4,4,3,40.93594586450131,-118.54509659505165,724051.7785262605
6.414294848207524,30,6,2,38.58054983861221,-121.92942916616967,453924.16157518496
14.114219842314283,6,6,4,32.0805910334212,-118.56026888715033,916541.8291907749
2.9252932180439055,46,4,3,41.43174822961285,-121.684009752361,245502.6582624786
5.774928914703619,19,1,4,34.37144465977711,-115.51076130523927,429636.2058509508
2.588629297368247,32,7,4,33.07614184759859,-120.0272852715954,285687.6298495729
13.945710655899878,9,7,3,39.68128178380882,-121.54449374055508,903264.1895890124
13.282750947333735,12,1,2,37.004773158667184,-115.87673819752939,808098.3905319873
4.6111827880121785,11,6,3,36.33770566018018,-120.5716103519455,406634.4312403293
10.239776644478507,46,2,3,34.495030796827415,-122.88512312161218,603105.6868410188
12.441110802817022,16,2,4,37.47471489862318,-118.29590508596358,770692.1118098755
8.772811362392472,1,1,3,34.74384605202587,-118.18435795562011,583675.6798927789
8.415108096984092,45,2,2,41.015830052870676,-116.85304324764266,489784.3118576091
4.385932072606323,21,5,3,34.152044797331925,-121.59780566791615,383541.7662896746
2.3034387492825887,30,4,2,40.84355150455754,-119.56228660907755,227192.4555081926
13.561020611346574,13,4,2,37.59405425727357,-121.17632080957344,839516.1443726169
13.605852800286627,34,1,4,40.28488133895241,-123.19046263884312,772669.13172292
9.863420401825751,4,3,1,39.128459958609554,-115.23386172984108,658798.4856243118
5.746417074681809,28,6,1,38.96695111436749,-116.71130195511658,417693.1147484658
5.888934044577253,38,1,4,35.24345807695056,-120.98536940541199,394592.8064134339
11.163379504183352,31,2,3,34.338969314722036,-118.00627007128014,680373.6442844894
13.559543639336079,27,6,4,34.10886227680788,-121.98736211865527,853043.5176253747
13.419209939711642,5,3,2,40.57191657059589,-115.0976337820423,843450.0519378699
11.918257642006735,25,2,1,40.2042682025902,-122.8509365663809,694815.4693042557
9.988443046160029,3,7,4,36.405735280123075,-123.961628544922,726170.0481858721
2.177959509930684,33,5,3,33.32404613496455,-118.97991802260817,228635.58299029825
3.2628019973245928,4,2,4,35.82252251977458,-118.1687217654713,315803.8064120995
13.57975863937911,25,5,1,38.193434541369115,-118.21034679704195,813696.2385434416
9.49000683523426,20,6,4,36.54403154479953,-123.45488072562173,649159.637473853
1.128758722632815,34,5,4,39.80189268482995,-120.85956193081567,201550.15866587454
2.4206016001244492,26,6,1,41.97622822251385,-119.00801053158668,274528.9413044176
10.289024767512782,5,6,2,33.911320884488966,-121.8342081437276,707828.3195669416
1.0708621738470616,35,6,2,36.59650819659572,-115.27374114514103,181751.90868080306
3.2513127198449814,28,6,1,36.30983901920822,-123.12890710538566,321479.3709969804
8.682273051132206,29,6,4,35.04492532748951,-119.12615558327957,588899.0916236895
10.686532767697706,9,2,1,33.98095516720289,-117.08583942486848,674868.2491147756
10.127457633036407,38,6,2,32.656921164896595,-121.38248899865518,625281.5962875704
4.139770332447837,6,2,3,40.871193172236985,-117.75759263002482,373832.8030848897
10.970509098865502,19,6,4,36.19848697686318,-115.70614849857625,731335.9217167197
4.3214872249552005,44,5,2,36.96895518500049,-122.09663024904953,314697.4496314229
5.555595774229748,11,7,4,41.16942048200916,-114.82779408175136,468251.2200799627
11.450879671652338,2,6,1,39.76290477515948,-118.46441467337642,773958.9626448583
10.094860586661005,47,3,3,33.30501264117184,-121.00767995698939,595378.3657614843
12.889127746918492,44,6,1,37.654199676077425,-119.6914172461773,749654.1731558709
10.206580492204807,44,6,3,36.422522765195595,-120.87808116213613,645854.9314777526
8.956320446696603,9,5,4,39.97211072578763,-116.74888840066684,624347.7590882571
2.3114467495932947,21,4,4,39.24232547611949,-116.03699336584867,266542.38151094277
6.148021242832069,24,5,1,38.90405721911072,-115.67062607681339,462709.5397466314
4.712833147544156,34,3,3,35.40544835479897,-114.1423175041426,345233.4768849915
4.4158550073071705,22,4,3,40.04963730399255,-116.08715707503316,370948.5287952811
14.622147766534239,3,1,4,32.52391295594861,-117.98615929311437,887035.2202655958
6.503368145334646,12,1,1,33.59624901432167,-120.60779701608216,444394.8633371924
13.488651772479585,28,3,3,35.356232729779116,-118.5540455128925,812951.9180627741
9.83594076396168,30,5,4,32.76807441069281,-123.58931827209595,634077.0583875354
12.127358249583079,26,2,2,34.34994277534692,-116.55174924470087,731190.8885895279
8.03691930347269,48,3,1,40.30150982997918,-119.54044454907898,467744.60335036705
9.076654384769027,21,7,2,41.482515377900796,-123.79976770267812,618225.8603592038
7.895247713464094,28,4,1,35.046023557741904,-123.37493058489589,504696.4081597401
3.7334018291726228,26,4,4,34.64515803988838,-120.12533536178243,334220.0962199077
11.114329613661074,33,6,3,34.79892652246427,-118.16578480981565,695772.2709947666
4.930813074171981,21,1,3,34.77719087350844,-119.35796051047873,375471.4012037882
1.3404235300403538,35,4,3,32.35930182185973,-117.80795682707846,186217.4737027644
10.03661214270035,34,3,1,41.26916346331108,-119.19705741208644,617876.4099724591
3.479549511698685,41,4,4,34.13698141570328,-117.38296154518653,277543.2410560279
14.1664201809408,47,3,2,36.200040740814046,-121.808739353292,800379.7040857084
14.355000078036223,18,2,4,32.09686882740968,-122.87156812816379,865047.9094855634
13.80810146308628,11,6,2,40.57955090915057,-118.0356604537434,881532.7284936355
6.182221803576222,23,1,1,39.31157344454917,-119.15310483063692,423454.58702231775
1.216392631404144,48,4,1,41.467560351737035,-123.73132345955065,152650.35129849717
13.996459876228155,22,3,2,39.81615479196399,-120.19518114506964,834609.6034603502
6.994578076442401,17,5,2,35.13706512052065,-122.93874414509004,499666.2501525917
14.533167466611374,5,1,2,34.47873358728424,-118.68643168247304,857634.1587153062
14.49067967924954,44,2,4,38.97716307553293,-120.0422232033957,824159.4193969477
12.942132376543041,11,3,2,35.64112775010499,-117.86848088896983,803606.1282627742
5.122284488974199,30,7,1,37.66215015752616,-115.94397781229762,415010.3431779953
6.391368200426953,15,7,1,32.062574710264705,-121.0033131615851,499014.0805667241
12.915913401235997,27,6,3,32.61885701680475,-114.37897895834972,790314.9157306716
5.4369080721878875,35,6,2,37.353679411816515,-118.64365499412426,395600.9773754709
3.372898453605295,33,2,4,37.66071646448165,-117.81709201245212,283211.88129713386
8.795217674416902,20,2,4,39.514529444593435,-117.19327626774263,572670.0605678291
14.106166838250934,16,6,4,33.31965319623962,-117.3326847014241,879324.0837135568
10.744417153449621,34,4,3,37.13183083756779,-118.89029256954937,658968.6940747242
8.98085638125111,2,4,1,33.944476444316884,-119.71235708885317,611969.0871748095
2.3604709127907597,35,3,4,32.93196119562695,-123.46218035822622,235482.68769696995
9.610101173788376,40,5,1,36.104957940605544,-123.7791415469882,583574.8608224717
14.860753901459686,28,3,3,33.63336648089057,-120.42038805467236,875964.4680921
2.9611762133113366,47,5,2,34.21781978192318,-120.66339109366308,243369.66943327404
8.256615133092314,39,2,2,35.17554579869502,-120.12304845160993,498487.36112706974
13.283223006991376,6,1,2,34.59388400743196,-122.6163179911181,792509.7665468118
11.370760648558862,9,3,4,32.87591297405947,-116.61831729463157,722711.4390617799
10.758220373933751,20,3,2,32.899162448597025,-115.43035585223761,669685.8253888881
10.83477717581953,1,5,4,33.93249415234168,-114.61285364625965,744137.0238324902
6.032876117076572,8,2,3,32.50559187959539,-119.07637696480374,458644.42229740776
5.1102858197029075,23,2,3,38.26457019676927,-116.99134300874572,373264.16834642447
12.33105617669919,3,7,4,34.87326716508902,-115.44448876564127,841402.2654187558
12.34158752550853,4,5,1,34.79745967769071,-119.81708888906515,809883.0481911026
13.139012460121451,25,2,2,35.31998294237765,-120.90587205129556,780346.1526728731
13.785367735790597,47,6,2,38.62796274209722,-114.6327544414651,786456.9515499806
8.158793584053129,38,4,2,40.70633881483491,-118.84323448922927,516354.8876203913
8.021228125620794,15,7,4,39.59086932555638,-119.02746113409123,584209.311633585
12.176132505534852,21,6,3,39.275292302250946,-122.21583903436505,769067.9757526184
10.099495030888711,35,1,2,36.84391185600849,-122.91844985426643,604574.62934245
10.827536281607847,46,3,3,38.93805556967412,-115.57893137516488,618651.6803674378
12.141097372105415,14,7,2,37.52762368033583,-117.85866823812482,794021.5132088114
13.460074785445928,36,1,2,34.162505281865286,-120.74175415980551,759548.41130184
5.731932195921502,12,3,4,34.08588367741051,-122.08263782609734,453670.5589123982
6.258161336959216,17,4,1,34.963920068752834,-118.44502719830369,460697.5273525682
2.315747157772166,39,2,4,41.10802670969813,-118.16080710738865,198080.4833111838
9.095921973946435,9,6,2,37.47414840379726,-121.93006398754942,636589.9379446416
1.5031918331543892,35,5,2,39.339053770018694,-115.48594252108526,200690.9409592608
7.518372253854443,13,6,1,35.46558759816548,-123.15735633844149,537554.6076670671
8.597024885906073,15,4,3,36.07715770665225,-120.43906914833579,585370.0522315791
5.011577529795982,18,1,3,33.255655786372515,-117.19615586237478,360574.9697535401
9.27166564796615,33,5,2,33.7129495782167,-121.258796361808,579940.6373129581
1.427003499146692,6,2,3,40.27356554826146,-115.72324805218729,226257.8732433825
1.5228746424890018,27,4,2,37.84838631688882,-116.60132173399596,196125.2047457419
12.516407849235215,23,5,1,35.37532465883819,-116.10977155451866,771846.6179096075
6.04266897975768,27,4,1,40.028512089955456,-122.80893464123284,433817.39806200203
2.778847177126387,34,4,2,34.46519905637983,-122.59452872004456,264959.95982959185
8.311405640767262,46,2,1,41.76032698600204,-121.13526262255417,474574.78936570743
11.779909743380552,38,7,4,35.448176077461696,-118.81922834802438,728019.9646367996
4.021494384955805,14,3,4,35.37310954151228,-116.51983923300598,346211.75445782224
9.720466661466004,36,5,1,35.11911905536705,-115.63469109239097,608116.2405596093
2.194864509912752,8,2,2,33.22111515924288,-116.95664684042819,264937.4972902446
1.7235440963605078,35,4,2,33.111371473320126,-114.71403118469362,187124.78916279465
8.438964841954071,19,2,1,38.48105034534123,-116.61256490384069,557034.6094850142
8.568891702541492,30,7,3,40.751180445580474,-120.93732112995386,575003.7236366188
9.924018620974891,14,3,4,39.905205102716735,-121.34918715661428,654439.8211077767
11.165278672117262,20,6,3,33.41107594021351,-117.03807549698911,734535.7491893906
14.661929112475484,49,5,2,37.455821217920665,-122.07129431310386,841225.5293361568
8.228204876216735,25,3,2,33.0559154597664,-123.0728518918973,542832.8517748096
5.521390621177444,40,1,3,32.45294643613077,-118.67777125143806,365121.3735509659
12.132606726761852,24,5,1,38.56385859384767,-115.78358430221044,743813.8421143767
4.791651517669039,14,3,3,37.3515233368035,-122.98620157530137,401027.32929584733
7.1455998898789055,26,4,3,32.82023685211471,-116.0810867620427,482683.4398854855
2.0983893387917236,38,5,4,32.34939246405988,-115.88427995648452,245763.966621402
1.3549104078164051,23,5,4,41.897564134093344,-119.17725999918457,228173.29167543235
14.47707780549095,22,2,3,32.300213321490716,-123.42689689989513,859372.8233734223
12.703721687170882,48,4,3,36.44528253050159,-122.25410148752813,727755.632894093
10.743638885311771,19,1,2,37.046190246076954,-116.92573724838067,658489.2751214843
6.725341221799779,46,6,4,33.17280147800445,-116.88222055009051,460059.1409180723
3.426120480991841,3,7,4,33.69061778439716,-115.01644724832335,397253.709702252
3.1901185973952044,42,3,2,35.51805006410353,-118.17313853445417,237954.82933067792
4.503400574304335,19,2,1,39.61675876213663,-122.75892632286222,333980.59123493364
8.689173305885687,9,3,4,37.07082424060267,-122.78585094495028,593871.7623145888
11.004342917800873,28,1,4,38.37901874552961,-116.78867642643176,649003.4862934394
10.242763274048238,20,1,1,41.85174555090675,-122.162153348921,633291.670700178
4.919074557243199,45,5,4,39.68005435313209,-120.71614500383394,352530.1474829013
14.368113929284718,7,7,4,36.34361498141217,-119.12787993078086,943681.6541388099
11.33055683374076,14,1,1,36.464419217965485,-123.75235122423848,683634.7154401712
8.76095673515961,9,3,1,38.18772077041005,-121.51180972980069,580511.3742286415
9.56409044728093,19,4,3,38.65365208418904,-119.9211039149272,638895.4775783209
6.8744008739890585,47,4,2,37.00710925836671,-121.20363681506794,439481.27696447924
4.468233853016205,14,5,2,38.4486122281498,-122.63629672532434,390357.5641444044
5.983617501117662,38,6,1,32.235324944140984,-116.71987742203802,424841.78158401203
11.609845546501168,36,3,1,36.296228638968444,-115.86852344832015,685068.3306732263
1.2015088408165822,40,3,4,34.789380760734765,-121.42521023856276,156929.08428076806
2.625016967096827,17,1,3,33.291744452431104,-116.25580505393697,272140.8658365436
1.6440369883045385,30,7,3,32.99546512808775,-120.14446435598686,256445.64427963042
1.570203232465582,9,3,1,38.03192165614668,-118.93314209145997,235019.93221368722
12.9764481761541,33,2,4,37.23600547152612,-115.43998925106847,748808.6823355794
10.851210031320331,25,6,4,34.53584116996369,-116.50046318197592,712967.3488389553
7.638433607222552,14,1,2,36.709500587725145,-115.94883148683823,496087.63263050286
2.3696782491140205,11,2,2,36.92232315182408,-122.63154833413643,247403.4875218752
7.882622251635653,35,5,4,33.95008980438616,-123.30280574166271,521861.5992371191
7.62860479092792,41,4,2,38.52093061881651,-115.06595270912013,483308.9282485755
3.4248261787402123,14,5,1,39.8091935638609,-120.12165730428906,344289.48409926204
7.073923089331623,30,4,4,39.914635408895194,-121.1212032193032,495511.22655957035
6.579066281563228,41,5,2,38.02469830703455,-116.75303745738175,449234.5097141608
9.621901372731031,4,3,3,37.11638582519014,-115.63584403420143,650859.8686699938
9.891311112147013,4,2,4,32.61007143005395,-115.37510378101699,656943.6053837596
1.6342561368086232,28,4,4,34.87831298851606,-120.84002858874773,216843.96972996925
6.244576604770597,8,1,3,32.9327144677817,-115.47787608798326,470858.31715061155
9.76203881999931,2,2,1,41.638231608784736,-123.59066055625655,630305.21674234
8.043907620121228,41,1,3,33.35080146225761,-123.50338508540281,491206.32588973484
12.990857776636512,46,2,4,33.51775409851102,-117.76480804825846,734903.1510889974
10.22171084266523,22,2,1,40.89576618330492,-123.36893630884454,625244.0047089492
3.2810819791400156,41,5,2,41.439282834764576,-120.75390831489838,283811.8287694549
1.9879624636060178,16,4,2,39.6582903923491,-117.27244013753077,251998.19142304198
9.99386989488842,29,4,2,32.0540492367267,-120.62733103945774,637896.1918868708
1.3711583475827054,49,7,4,32.01346270956564,-122.20400218559904,207578.97329947303
9.200858137828487,48,2,3,35.78100769787451,-121.18649378146158,531694.534697628
14.163223379949406,30,3,1,33.43395370010892,-119.42424667749569,811466.0029145218
9.056638490262305,12,3,2,32.18386142151597,-119.24614144644518,606602.4343709161
6.434378966891307,35,1,1,36.64066689404505,-116.16999768652798,414089.8487130661
10.006035058192944,11,1,4,41.430618974069716,-116.49846770568487,634621.6185798172
7.415540466881232,46,5,2,35.238195749024314,-119.43182195443865,477466.0208509661
8.638635050423089,21,2,4,38.61140678428696,-115.54332650901229,568878.55912393
14.180507322871353,21,1,3,38.522353531324406,-122.85762861408604,834018.756816026
6.40543692921084,5,1,4,34.51080103665168,-121.44646649771099,464218.8770143598
14.4566678935348,48,6,4,38.50425248823864,-115.72023536497748,848308.1436172025
13.674908987384892,20,2,3,34.123339742868914,-120.22005961373847,826016.4249892138
3.74107588705015,37,5,1,33.22007413576889,-114.18818441206157,293444.28761861473
1.9710582122523164,3,1,3,39.0138328555969,-119.33746718472165,244679.21036033216
2.410892019283973,44,5,3,33.13440817103917,-116.08064377036236,246686.45378544784
1.2551055591216962,33,4,4,41.96909218589355,-119.97692958617628,182184.5865373695
2.3222014505829973,9,5,1,33.834524011502296,-119.7504648093757,298741.6253302372
10.562094827828997,9,3,2,37.94141862756457,-120.17116852715816,684873.0770848908
1.9966410784432058,4,3,3,36.1137457141259,-116.80924379489188,264248.9861542556
5.4656588241126585,35,5,1,33.26386422405667,-118.52482115940006,404405.4382438083
12.828254353572364,17,3,3,32.27843907577413,-114.56221888631632,785771.8753286981
1.3258071003015621,34,4,3,38.22732282292833,-121.49109683465895,188734.87563296882
12.402558756245101,24,2,3,40.06757563789126,-122.99437267916555,737904.9388942481
4.945966846827599,32,3,3,40.42015661506744,-120.06738514900785,366086.8678844278
2.6543075867031876,1,3,4,36.827134730769345,-117.83287292353224,305621.09551271005
10.75432031509811,8,5,1,39.77455467182386,-115.39201063084505,708448.4618544582
9.805199854918376,45,4,1,38.72847133488545,-120.53803113319672,594342.3624159774
13.28460818937874,23,7,1,39.24254527499133,-117.46213248875539,820974.412449971
11.290994613254401,47,7,3,36.92599005221814,-120.4980131897678,695251.8305989588
12.24873302538788,40,7,4,38.33411740242127,-117.82780417005542,752192.3531961348
4.948484015998291,12,7,3,40.05525913576057,-115.15192052969348,451628.3945705126
3.4841536129161197,12,2,3,35.97884175557023,-121.6864235774059,309133.8904673565
11.508606522972016,46,5,1,40.059789008675835,-119.95758357892961,687524.9575009572
12.295686349741697,47,5,3,37.92016842789063,-114.06734803570254,719398.003728594
14.867071988009426,15,6,2,33.65901024370786,-115.31442971750539,910435.1133008653
6.776647476759971,41,4,3,32.24684157224585,-118.35360142103798,434037.27625789895
6.208253201098964,19,7,2,35.62753600399152,-118.83372408145725,477505.3972075744
11.869781450387956,26,2,3,37.4669632829634,-121.15399617695319,712082.2909760784
5.77124956354225,29,4,4,40.39820352203488,-118.8279057230647,420672.5734700511
14.030602558449907,22,7,4,33.274856801402464,-115.51818501720052,892396.6288989737
13.017778525802164,40,2,1,40.002063476835794,-117.14825486722219,728815.5519999624
7.005916383250257,21,4,3,40.63009046067227,-121.09955971822014,490757.24734014174
11.512194949080964,38,5,2,33.50687487000834,-121.98536078946466,698124.0970521691
11.563600237185552,20,5,2,40.51594319304219,-121.34791463003171,739383.328365841
2.4437341637030565,29,1,3,41.914535678427924,-122.30240798607173,214197.96542218133
13.635740693513933,4,3,2,39.26838831048238,-123.04359303976284,838815.6111643461
8.07353321427,7,7,4,39.84769681824988,-119.80863825557945,600776.8035215063
12.570404525508383,28,6,2,41.94415267558873,-122.86700395601733,784612.2867273884
5.480694414428564,28,4,1,38.054812505259456,-122.28087442272896,402948.8565500824
13.537325198946807,4,6,4,35.078863820162496,-118.52675315660514,883105.1862198347
6.448823502278284,22,1,4,40.375308340760554,-122.35400726300425,453766.2885829901
1.151727120724177,12,3,4,38.144857775116314,-123.36120232569097,227756.46062471045
13.67534766986969,45,4,3,37.81195423720956,-120.82611149972115,786328.0144253871
2.27801347500587,3,2,3,34.53635555514038,-121.79680901378032,288948.8121656912
5.470390926265808,22,7,4,39.563342695828865,-118.84694812005623,445694.78261439345
14.30086753871127,44,3,3,32.816672758600966,-122.97632915416791,795400.9655174953
14.308500057125785,2,5,2,41.24287070794661,-116.48229212317023,899517.491201799
9.028130433726005,24,1,3,35.25823460770485,-114.93766480564861,550119.1273689797
9.84572097037719,34,3,3,33.27774652789991,-116.56564826043805,605221.1343588905
7.278237307696477,27,7,4,36.42366533102419,-118.67172962598606,548010.0361536727
5.104950803772903,41,3,1,32.424699092565334,-115.39332178211114,329427.84640870045
5.601303635178823,1,7,1,38.84626194264966,-117.05081620218492,476728.4791792419
10.415258385078538,8,5,1,41.02705510445356,-123.8944887754981,693328.89010243
11.53324341212752,23,4,2,40.37263007138509,-120.05909847225497,728678.4211322132
12.08210661216188,38,2,3,33.27369473447881,-115.490481005932,692590.0137573965
12.054653999123754,6,5,1,33.262711371077316,-120.5414114202473,780949.7442168396
2.276885442681665,22,2,4,40.13434482324264,-123.64784826474477,231091.45790559502
7.921884265836141,25,4,1,41.24254274603116,-116.53820361447728,515544.5093206697
1.80582264023302,18,3,1,36.60669829833489,-115.97961729717132,238890.03570041643
8.693404352532298,17,2,3,36.98971116913766,-122.39406304956691,584623.7785196963
7.181427019227279,12,1,3,35.18262041385726,-118.62659503156819,480219.5503893962
13.427858558616197,6,1,3,40.94265118256414,-122.08044561004274,832947.2814935071
5.912810175729102,26,7,2,38.44902905292356,-116.80765580955853,462814.1069209201
2.638938229986482,27,5,2,34.88251577167368,-121.28449544822514,283984.46033492475
3.001883548739702,8,4,1,34.987828710542516,-120.8378487743667,312736.3731060009
11.661148844044611,19,7,3,40.912000730636024,-115.55029146359898,765525.3230596081
9.655052886427654,42,5,1,32.136340239058214,-119.23677647793096,588418.0417290903
2.415717465719063,1,5,4,35.227265727266385,-117.30245548781753,328791.8010123363
2.177495285609964,29,7,4,37.54356681216369,-119.97626949277532,265064.30192318757
10.81356784042768,45,6,3,33.48217462099325,-121.01993142806245,646577.5997175643
2.0186820890987094,49,5,3,32.9209875419959,-117.74521939575338,197172.0027026712
12.506040830064986,35,6,4,40.1527633109056,-122.45142425921179,776442.4643853487
10.887391180190948,40,1,3,40.944043886485076,-120.27000164433137,615425.1625732358
2.1388829289865967,14,1,2,40.2360642079819,-121.90962962614077,239147.11944907735
2.187727997192687,35,5,2,40.98787889737348,-117.04205033059255,248483.76124285246
14.812954099016457,48,1,3,37.53111971058372,-114.55791161653892,792464.7264245055
6.239791140585685,45,4,4,40.122581209903416,-114.04489031984133,422167.620576038
6.188990058936473,20,6,1,35.840426383911,-119.4972318955841,467762.0095259608
12.379193941605036,49,6,3,38.66267861479039,-121.47469610363555,742003.964711577
14.261480083374021,13,5,3,41.888355313891644,-119.57170629615676,877388.4978521226
14.804014893520193,38,1,1,34.257277238391275,-115.52730590037277,819979.5232427946
11.547294593625182,49,2,3,35.898997462910806,-121.9399432144796,659508.1883707024
6.2676341974328205,46,7,1,36.800473773100855,-114.47904348347076,444720.13645586174
2.1690100337813627,49,7,4,33.38015487020052,-120.58134231201849,240947.9425377575
11.880056822984114,8,6,2,32.81038610465057,-114.14196340549695,782918.0840694585
8.817659496301271,43,5,4,40.297228663216245,-115.61391112466038,563418.3920210999
6.939108129457668,20,5,2,41.76794372827586,-115.9142946585261,513022.5560072449
13.688961391326304,33,4,1,36.04725063829659,-120.82095326226717,800566.36196548
2.556764752286119,26,3,2,32.87649836194653,-123.9122278805207,236749.84940521105
7.8967514600720286,39,3,4,32.65811760690576,-120.17867091174013,514766.03386881074
1.158951026743867,21,6,2,40.91318206360299,-120.98190630337307,226633.3538681402
7.561248987917768,49,7,1,36.6381424972768,-123.62603009591203,495357.85096920584
1.788245859545723,42,4,2,35.20027316562392,-118.9463474349407,181882.54754921765
2.6634508277530067,43,4,3,36.764612712394,-119.96968688717263,241939.10549463006
2.6453674548794686,41,4,4,35.18304094692347,-117.65443532258476,242084.30491359817
10.08894422962489,9,6,3,36.8903577530762,-117.78813677805917,700984.2007924892
11.444628309715926,24,3,1,40.595563969179366,-122.7925336410332,682429.206395036
9.167162711360234,37,7,2,37.92301371062096,-114.23034453873377,604093.4947061029
14.470415678643587,49,4,3,38.94653772810175,-122.13068570558553,830503.1957052993
6.248188113331857,41,7,3,35.64670676234336,-119.54725975235296,436855.7668324095
4.99996920794605,17,1,2,39.38505878510519,-119.11882456566265,385313.685923942
13.160387794652443,24,5,2,38.666170848793726,-115.8693720278588,802226.6285543083
4.130341739272337,21,5,4,33.195619977520565,-123.00770403905354,380639.69047373463
14.485115552168558,39,7,3,37.72642853115585,-119.71355720791468,874727.3421301761
1.1701626456574288,41,2,3,34.56743496309758,-117.71497829763796,148518.6201124715
14.578303573906947,39,2,1,40.040956696335925,-121.84844378375945,818068.6549728871
1.6042387673080656,13,6,4,36.259377084669396,-117.72532101233926,280567.4052044437
13.476003591772995,11,6,1,41.946841651964874,-114.76335162450347,848924.3892381807
8.387815527208197,46,5,3,32.92500437938964,-114.02481868827326,522201.771207307
14.901507145670205,19,1,1,39.80347862740159,-123.67548923209324,862103.1588504178
2.033151906295584,11,3,3,38.73701733542156,-121.64411771755323,268892.97357301693
8.753959981618491,13,3,3,39.67498830590706,-120.89692884208303,599566.553124223
14.570235498667385,46,6,1,35.07529795490456,-120.00873899555035,845446.1843991283
8.323369818382083,45,1,1,36.92054489382401,-121.57742842415233,474235.99036349216
9.811580933893676,1,6,2,39.96508519723709,-121.96512005444687,703114.0731799345
10.74048164578464,40,3,2,34.325413316208554,-114.45446157582501,620630.3539503503
7.363574906748825,44,7,2,34.26033196788652,-114.81478397229482,496513.4182762668
9.785813121176888,19,6,3,37.51050953294932,-123.53007498996882,646463.4158737881
9.180400366923404,12,4,1,37.235635795298556,-120.61186978395152,609757.5932431783
13.616212146873846,8,7,4,34.822624704129325,-119.94851446321593,885804.4533898343
1.6362493247804102,8,6,3,34.98075650524823,-121.60985465334056,272697.64698729815
4.933484654291225,45,5,4,34.778451632065654,-117.71127103011824,367538.2489152571
14.305760777071821,12,6,1,39.71512061998487,-117.59619253355758,887944.7818917014
13.463692974472828,48,5,3,38.5190086556246,-115.49495771671403,775645.4574023173
7.379194538999981,33,1,4,40.32417183410253,-116.59130731614782,460086.0508762289
9.681856369221514,45,3,4,41.75473028314022,-118.57426673034044,575290.3722099559
4.883336561735858,26,7,2,36.741642962719865,-117.4641322995558,398984.9169046874
3.6336962361326584,39,7,2,32.66693881405449,-121.26011218456982,305880.6895196862
7.491777669159751,28,2,2,32.48092310412036,-118.06943810032642,486692.3412594289
5.946931192364739,5,2,3,34.95665039271619,-119.10772745250081,462392.94357488747
9.171185565912209,8,3,1,41.32544589352451,-122.6665553268363,616143.9886758989
2.088284917509788,25,2,1,37.23213054970875,-121.5745572341703,213319.06718950658
14.641527307326331,27,7,2,34.71786516080129,-121.08306549278414,889469.9387716934
14.80695042271444,46,6,2,35.991667945110194,-114.75690432947442,864247.5306228768
10.774263996276431,23,1,2,37.98595107404671,-121.6961336061411,648285.6533679081
8.505349128817684,30,1,4,38.529496581378424,-121.10756097180332,529642.9127697761
5.333386628008588,45,3,2,33.53919509782905,-120.30645869910568,337438.5933746225
12.393130275897281,47,2,4,41.77031676545176,-117.36257261374612,695893.9486236487
10.58623641575431,23,6,1,37.44772226982789,-122.8176160752786,679717.6893512912
3.276637150828478,49,1,3,33.356883177922796,-114.46054787506225,222796.54096833093
13.752980582913795,47,1,3,40.93635253346134,-115.34428779905235,756054.2002225097
12.515521400924365,20,4,3,32.74638431079429,-118.2278392699105,776784.1464480245
14.297198786086936,18,4,3,41.077354331775126,-117.25962132575043,872097.0920881501
11.16007311743704,18,7,4,41.965656562889826,-123.83339528755783,754950.1537181159
9.587812743101058,2,1,4,39.00431799156504,-120.61055224651551,649780.2093165356
6.855402508068664,4,3,2,39.704472210739894,-116.04339769338559,516313.81769022805
14.058198766956185,30,5,4,35.373028364674866,-123.22517026207615,861575.6492264573
13.124894453005718,33,5,2,41.41576852733934,-121.1768616578928,770791.7001305767
1.6330613814866517,36,6,2,37.297139661083676,-118.14703171665688,205526.40864483896
1.369137642961528,18,1,3,39.323884465975546,-121.43586972301058,177683.76839742067
6.270487136292695,37,1,4,41.24107715911279,-114.6602202585548,408948.59823927283
12.347746630945661,19,7,4,41.75179975975509,-122.6894136919571,816328.2480157827
14.821865810409223,47,1,2,40.33204356596674,-116.02605642092222,794397.7594177502
3.1058364754493946,28,3,2,35.0301750698203,-118.92051308093592,287102.86011635896
9.317830014929893,40,4,1,41.665475165520824,-116.49669224180045,552699.5224551815
6.332471992834301,20,1,1,38.28119531243572,-120.89284671688553,439656.6804458805
14.578801569404444,49,1,2,41.3064247635196,-118.85510397687962,781488.7590874112
12.789664923899922,33,7,1,38.76105025814352,-115.43164650276823,771525.8710484726
12.73660186595593,12,2,1,35.0723896184772,-119.33121900876895,772406.2460733862
7.561704237129584,15,7,2,35.700245241428156,-120.4028013808973,555788.5088880945
6.807473032727312,41,7,2,37.504717771029405,-118.63844613747264,466919.8386952233
4.827699007029887,39,3,4,39.90014841559882,-116.82637246963633,342603.64929928293
1.7892569531129796,2,6,2,35.17982551340335,-119.56436654501498,299553.6245906289
13.106113267570745,29,1,2,37.79731166134192,-114.61123024857727,753480.5016787949
12.380614127821087,41,7,3,35.45624993576401,-121.05054175957657,751369.9373657345
14.996047426005829,10,7,4,40.15769404635107,-119.2453639383088,958112.384799619
14.952915719034674,2,2,4,36.66728093767951,-116.43072340658559,925130.3061784295
8.776043878436784,11,7,4,32.767228268528854,-117.10878909504243,634980.9139438453
11.765823812527147,13,5,3,33.660525214815365,-115.36358947582843,759697.6636721179
14.226720218353993,10,6,2,32.611046676196324,-114.03190819318891,884992.5937178081
12.89506346948376,14,1,4,36.993029460143255,-119.73141671204911,772187.6539602284
4.462873424404767,18,1,4,33.063372973482274,-122.88849120216688,357577.2068391879
7.307617894341309,9,2,1,33.14139969309632,-123.69584119192032,497824.04514793423
2.8082318121209298,39,3,4,41.41048260038377,-116.73123093860228,248166.4921160583
14.356714381622114,28,1,2,40.72655072176055,-115.25986328691285,823107.1069327786
9.48644488231232,3,5,2,36.52086596811366,-121.79287414055581,651528.5518084583
4.200999277048478,20,1,1,41.85805320850206,-122.41551962810094,322069.330441291
10.403809581681994,6,5,4,32.00186528170663,-123.3779490847431,705887.3625951406
9.653795366410542,27,6,4,38.13979456273394,-115.77297078282794,657577.5745776545
6.014278052459767,2,6,4,38.1642817737187,-120.88618060107416,511220.2720245861
2.5898062907948063,29,4,3,36.57443055869888,-119.98303107240224,270670.091032995
10.402024738299195,38,4,4,35.96947972934293,-118.97249808390387,640608.0331796476
8.284307812653106,3,5,2,36.55383135480608,-115.6054676579045,589517.7666182999
11.81245748429895,16,3,2,36.14960436079681,-117.49166778438516,737617.4154827681
8.282289015567908,30,1,3,39.30492477482299,-117.84935370142189,527656.5510445952
12.930541004459561,40,7,3,33.35355434973284,-122.2432790004409,789575.4048273681
8.726695742842796,2,1,4,33.9763922059113,-118.8681010829017,606910.4529249435
8.853131601495408,17,4,1,33.80518228392424,-116.84618982821345,600182.7739752226
13.273150437216831,41,7,3,34.624705851212646,-114.26739116969509,793499.9150193095
6.648760126973558,12,5,3,37.252584187815835,-121.98593690786647,499799.3515459247
2.87621319830897,35,7,4,33.11208747338219,-123.90456646932773,302140.08958097827
1.4029574683867456,43,1,4,40.68169295326504,-123.2469856640153,146478.7275135384
11.571921579430667,1,1,3,34.97361531308472,-120.2414753481802,746791.918057535
9.684333718948505,45,3,1,33.62537987468708,-115.79455352254013,576217.3796493656
10.85711675338913,15,2,3,38.75621309598243,-123.92857918231755,678458.479048538
3.9814982611247505,26,7,4,32.38086300599319,-119.4326940711416,364181.029825472
2.9092006582147767,37,4,4,38.19968564874164,-120.70769384658605,274875.7983680547
1.203625319350347,21,4,3,38.981984306765,-123.47518289900272,201425.44703396142
5.908225823292358,49,2,1,34.149165313867194,-119.49763713327383,367089.7207200282
9.258847615964862,31,1,3,32.41964073443634,-121.4525129266328,558654.528407706
6.491416631396253,25,3,3,35.636453589194495,-120.48115165652993,459597.3285485567
7.124648908332206,23,3,4,32.98594230241937,-116.94384695215707,483098.5048316504
13.658221722912478,24,4,1,33.16477849673337,-118.78449016089033,818626.8658859212
5.875576538326205,38,3,2,34.54261231444865,-122.75352571007187,391331.8572784271
8.195852848237351,28,6,1,34.954679246267595,-114.3858545957636,556390.8963071317
11.971142178376002,21,2,3,37.29970341021421,-117.64089234290262,716597.535151146
6.551598952497782,43,1,3,38.78391885503013,-116.34131574337468,408686.15997321456
9.709213803190229,18,6,3,37.927709408701844,-123.20786849991629,670344.6024858083
13.073091922454433,36,2,1,33.48360337289517,-123.52941620539981,733156.790125445
14.293288731206989,35,5,4,33.720860324526264,-123.80551949631919,837535.8732259542
3.059028733006531,45,7,3,40.78769249792914,-122.11205972226556,268660.59423171665
13.972226752260921,9,4,3,37.583523150641135,-119.85591602281505,874870.4826263441
7.889628103113535,38,3,1,40.69937832897689,-114.64173866597177,491694.22623834014
4.615421436185417,30,5,2,35.715465113198746,-119.42940340734224,367171.99419069296
7.4279005873356585,44,3,2,38.14400007431324,-121.09744894627471,450353.4422502622
14.720456053996678,34,6,4,37.23663416054611,-118.38064746480336,879749.9825769993
7.896653315900174,32,1,4,35.19123489820463,-122.88065421865211,498666.9558505939
5.602522544025115,3,1,3,36.69915372033596,-117.90494108995017,434029.13296703086
9.86761196043416,3,1,1,37.02490876826932,-118.31568045669496,652014.1636281547
4.362038662894703,28,3,3,34.007709747566786,-116.0800696659429,331195.12572143716
2.062086593521295,44,5,4,35.150103723767316,-114.13312388382975,225958.66629749257
2.804316106749089,15,1,1,39.914097505069755,-121.4912652828389,257345.3683805832
2.7926417454088144,41,5,1,41.157882394541275,-118.9034354919624,245478.07571820915
3.1266377091721207,23,3,4,35.597940935452996,-114.91134593680997,301859.8184283513
2.943580417091742,40,6,2,35.069722822090185,-116.14810115577158,277952.1053943182
9.972246427245004,11,5,2,33.95197164571883,-119.12593696899192,686350.0011733158
3.5463211815880276,48,6,1,38.784911686505815,-114.54628350385222,270167.8877630251
5.839341966534085,32,3,3,35.23099701666337,-123.42763306483191,396090.3878082292
13.555037738684165,36,3,2,41.87749539099188,-114.69001380287416,787482.0514480704
7.635462963680213,33,4,3,35.25684802063953,-123.49492607617194,508124.7556942029
10.345808339294381,24,3,2,35.94136046782628,-118.52695255885315,637515.2369615133
3.4124781968228177,39,3,2,38.033341962120346,-115.09559051998914,255006.49091081048
3.692046263321391,34,2,3,40.01684293191305,-121.37279056438697,274172.0606539624
1.572160627730704,28,1,4,36.69518665345634,-119.27751501054841,199433.75762645877
3.3650908830103035,37,4,2,36.22656033788958,-120.75671120863034,270010.5638920774
4.900264746447421,7,7,2,41.95637833594808,-114.47856082923649,440714.38418583665
3.4781467798744554,4,4,3,32.10493641139944,-115.76354405246909,347707.03106053243
2.241835472598779,37,4,4,40.95065288851246,-116.9099848867362,228741.66280489706
2.6889021954084114,1,7,2,33.491408259397375,-118.12373013384891,334527.8250528034
7.450902752458161,1,2,2,39.859252762089135,-115.79408210675852,536116.9313501562
3.888672057681095,47,6,4,38.17931559846298,-120.07732958476453,302461.9797918212
6.099778054673056,20,3,2,35.41847285498092,-119.52448144893938,448999.5979683236
8.047841791967997,19,1,4,40.738749555210184,-116.69998278919138,521403.45205571287
10.665527600811114,29,5,4,32.12907227980992,-120.42245236706286,681476.737478691
1.550369957775385,10,7,3,34.26690652074924,-123.36099057951625,288920.870515613
12.191745584726597,18,6,1,37.66892796249536,-123.25665391113928,778113.6003077456
9.79060545287271,28,7,4,35.51542260049698,-122.84637198694296,659519.0062401756
2.1446264472842067,35,3,3,38.103774953183276,-115.30318676656337,211961.3349576716
13.230100737494881,43,2,1,32.24110193408667,-119.27773574243795,730495.0942664901
13.892213607445385,47,7,2,33.16458930481713,-116.87117630655264,820695.289028215
1.8550914379680925,31,3,1,33.270962402184395,-120.07090664395106,215578.75273503966
4.876287074060852,27,3,4,33.892836459160094,-121.41289052584365,379669.52939852397
12.286817917102859,11,2,4,36.593314408005426,-120.52807832437789,769074.3983762437
11.475635665371216,49,4,4,39.521286995435716,-116.05817654682816,677701.2985757382
3.5832942709892825,49,4,4,41.05538837928901,-117.74783874968561,275120.88191797567
3.9308905267139442,38,1,4,40.35372530284246,-114.62360220042098,272348.79661372077
6.186609439079348,5,1,3,33.96887871775684,-117.20295221423166,461199.3764303047
7.783321792674299,8,4,4,36.41150552230632,-118.29818368245306,581894.8481688764
9.655566801424143,34,6,3,33.99411597758535,-117.89803991014165,615037.428341937
6.164790953976814,48,5,2,34.64471816667191,-114.57628560531586,412939.69442346063
7.47548602586407,12,3,4,37.03546981511886,-116.11799070133294,525802.3119529751
11.464593133872592,38,5,4,32.681090247235225,-123.75958762633562,703304.487227822
1.5135648404683706,1,3,1,34.18174329593273,-118.65860303864302,231578.53551282012
4.534117220816291,31,4,2,41.35378161307117,-117.11661588453435,348216.9891285601
10.986894202383734,4,1,4,36.66116292658489,-116.51301521560845,714029.609986044
13.53289572762079,49,6,4,36.45386525977872,-121.86857880686064,789071.932108209
8.163484189619325,45,1,2,32.14567154751279,-115.32822645548647,478121.5612155828
8.449588793714419,5,5,3,34.473997470583456,-114.44156852824837,621342.9385094128
2.5004081587568647,30,1,4,40.662924359821815,-121.6328469415513,242835.74252222682
7.263773135528365,24,4,1,33.646284282586684,-115.17384542482755,487227.91923208185
8.456641730370325,3,6,4,36.15124939534721,-123.03021237483905,628811.5639927955
4.394587050886216,11,5,1,32.14330905867001,-123.44293163884755,377301.8329442233
4.769405233291334,45,6,1,36.78335481670556,-122.7077619989725,363244.76672931795
6.281978283464717,4,3,4,32.21021106726217,-123.42258920532964,503908.9432109647
1.2809967688881692,26,1,4,40.196095530658,-115.54987762844225,178248.55235282524
5.509108318164496,27,6,1,40.24853767487104,-123.40949855541729,431716.4147395175
3.9602720979516253,46,2,2,39.8774218830237,-121.28335808636345,271642.34421574255
5.584962930490805,43,1,2,34.83364068891118,-122.96243656464144,351955.7171646231
2.676669845469517,27,3,4,40.37237218221818,-121.04577963686235,252507.22523695635
13.46738193035853,42,6,3,37.42998132605269,-123.0944053239908,807027.2091328306
9.310294349756681,6,5,2,35.73808108867002,-117.31996749256986,637346.1219968911
10.507432468022854,15,3,4,38.25329959704233,-122.66673183657424,690153.6523087185
12.048397340502737,30,2,2,32.12341046060374,-115.48154074161113,715880.7096552484
7.978190785006802,42,6,3,33.42960877600752,-115.8280894927336,531171.8801826295
2.2168840332239315,37,7,4,39.42293538170263,-123.86338314529391,247929.01307693945
8.519491585459669,37,7,3,34.44161608716153,-115.04273644484886,566068.4299513432
9.215775652292308,42,4,4,37.9800911732875,-123.71055683256633,564682.1597119407
11.43615263858062,37,1,3,35.851026028230294,-121.60354215042443,653611.7241531765
7.043233647215511,35,5,2,40.54805778799262,-123.67610862224005,464790.9647636907
2.7861242391378926,23,4,2,41.52415305996644,-120.64156512960685,291414.9466478265
4.972862681182143,6,6,3,40.8356472837019,-118.86133474286729,448257.20128047845
6.083152149580892,4,7,3,34.70619994693597,-116.03355130984862,510323.3367987853
10.042841378642418,18,7,3,33.941628690460824,-120.62018449530164,683051.5144443495
8.990896265364766,9,7,4,36.74434893620735,-116.94509975326883,654960.8894833834
5.985354162569847,49,6,2,32.0733415083618,-122.1249554288102,409285.5381293109
14.811213483101715,29,7,4,32.258093928631816,-116.49401543255874,908031.0569859807
9.48084747099642,13,3,2,37.532906396230004,-121.64003394090763,635624.1327462535
4.321175084303922,47,6,1,37.20449404165286,-122.56455244056232,321967.65870237106
2.4249546166856524,17,5,4,41.945819890352595,-122.14591149625946,307012.471278982
3.1400279485806486,45,4,2,34.01841835363758,-122.17936871118144,262544.1461613853
4.443408197383114,32,5,2,34.58103929160468,-118.8713712062301,344425.7252998758
3.2495392256337796,48,2,4,33.135406423262864,-115.55202418811854,254394.81772100646
3.6119383367182807,22,7,4,41.17543009653745,-123.20394923007494,350087.90877247835
4.99133236171386,4,2,2,39.77811244458451,-116.93043681506578,416090.1093404287
3.4272303341265675,5,1,4,40.22339111456847,-117.45653540347142,322780.21551062574
13.554715944769953,37,1,3,41.027637879645084,-115.27480048170638,775075.0268518497
2.123272439262991,41,2,4,37.248999867258384,-121.55852439493093,210205.32266637305
8.343159453983565,49,6,4,36.51193191450724,-119.49890141314971,543335.7347027069
6.745555577855261,13,5,4,35.30391473665617,-114.74172625556483,524978.691981975
14.753300636720489,34,2,2,37.892146143478556,-117.40006549864682,828805.4060089657
2.568544630352733,45,1,3,36.542783967898224,-120.11231587138403,185854.8100091742
6.569978386640383,22,2,1,36.51565586605575,-122.68587617144732,441588.32469497394
14.572586065855164,23,6,1,41.36927863731139,-121.37514992099409,872835.0387423534
13.117099762515723,3,2,3,41.8403151427913,-118.18784522510617,825703.5207928601
12.439008993289919,42,5,3,39.96484389329581,-116.81832052439486,733333.4414606296
4.610639578629158,34,4,3,39.56758090246928,-122.75578113148107,366800.28495725535
3.3924262234609213,32,6,2,38.80558161779101,-118.00402739955946,314850.473493406
10.361005078942034,45,1,1,33.66074852333514,-118.49648721161249,587724.6708561325
14.011263847786202,49,5,3,32.59105820875654,-118.86044553309291,791538.9325715655
8.794680502195018,21,2,2,38.90726315113263,-117.09876882317992,573594.4595779295
9.002577652578598,46,2,1,39.287862222565764,-115.62550404916539,530811.5983443317
4.919707311243979,44,4,4,32.4697299109814,-120.77010316823132,352597.223126767
11.772901064687117,21,1,2,41.28051750228848,-115.1098780988904,704832.6413668852
3.618612479805327,44,1,1,32.91140639444678,-122.39366387381449,250874.91801735622
5.531509309659412,11,3,2,34.85900533771203,-122.26976130248836,419820.624300783
6.956110140629835,39,1,1,38.72389812798704,-121.33227936376076,419882.48932539497
8.10654530158237,4,4,1,33.69872594404476,-122.80469130452923,574287.1559122879
4.393736253811124,1,7,4,32.55415888442244,-121.69680775317123,432078.0324554237
2.6077155463488495,28,3,2,35.3114648916415,-122.93588237097156,245411.80998618843
9.548680594182857,24,3,3,39.65971574855179,-115.7824758301461,596479.1989907078
5.040827745363581,35,2,4,36.13678678985261,-122.61031008113375,342815.74447666365
9.137335099916571,13,2,4,38.52972921907939,-116.52702442440143,594921.7436704732
3.161078013838832,47,1,1,37.796190972281366,-123.52086132086666,227947.35403961682
7.735961425967445,34,3,3,32.222184820255805,-114.51479672486084,500283.95737522276
8.456252055722203,11,2,2,41.885399870457064,-116.88839912472234,579787.2676207067
1.7255295155139767,36,4,3,32.41428088819388,-123.93203451413888,202251.4121256028
5.712459894714888,17,2,3,41.67802737648485,-116.36143499799786,415977.4787283022
2.8818054771456394,35,6,3,37.49864178364398,-118.85918079233815,284274.52974248934
1.8872495866187484,18,6,3,41.63159027065066,-116.2063482966488,266547.82998992474
14.859443253459233,40,2,3,33.14753599413835,-118.77503191109412,821142.1032008139
5.512953829646122,22,3,1,36.90408519185513,-117.58975142364645,405872.4809230123
12.338242241964888,24,7,1,33.69504091866059,-116.1366834460496,770393.2575735324
4.564969166692694,19,7,4,32.50974877022443,-119.94891945412144,418836.0969815696
10.541038111135009,37,3,1,38.17529115062312,-123.97291850179548,627557.9383286951
11.64319003845561,39,5,4,34.07783420961692,-115.50053504054812,698720.24751664
9.33894236850982,21,7,4,37.87697018287546,-120.19109637375337,636787.607238811
7.602066639702217,8,6,2,33.123644819489854,-119.03957273983417,577526.179567164
6.765772798061759,28,4,3,35.319864714327025,-123.92233357846031,471082.65261616756
5.884155731601934,5,3,1,39.81632558053247,-119.07907989649902,440952.70044526097
14.013408019469562,17,1,2,36.37051521842188,-114.13512598428271,836516.3904885711
12.628671709028207,37,6,1,38.27745414897336,-121.2173233918123,744167.0022813014
14.510376749331176,36,4,4,38.47457940745546,-120.04581729757622,854369.8943323154
2.7401611287976264,19,4,1,40.437550439872936,-117.12810003531324,293518.42419778375
11.23214465285102,27,3,3,35.24922794406641,-115.8520633247634,679782.6357690287
14.13676639549453,34,4,4,38.87295562582518,-119.826083759939,823105.8008353424
3.537262926319242,11,3,4,41.61615807046166,-120.90331129598708,328504.694498635
1.930947743134885,45,7,2,39.302433343578684,-114.62174200014933,215645.6415837721
11.375689090060828,47,2,3,36.89870476717745,-117.22855033328331,632815.8288333607
9.042623584518767,12,6,4,38.30717444491929,-122.80978695506859,648896.0194767623
12.785602874615808,21,5,3,39.39682897763108,-123.31072121865351,784148.8976746922
2.956813272768053,11,2,1,38.122757656938724,-119.1645014920963,286123.32748289633
12.133742366038463,39,6,3,32.166758134898394,-121.79909933952727,753588.0239175125
3.8227824806684234,28,3,4,33.94773497687226,-121.46015246623746,329558.23211860174
3.291183200119863,5,6,2,40.10468217215466,-115.22307821172151,363015.7431529235
3.299721171033901,17,7,4,34.72650647312484,-123.1043397568369,350173.66717529343
12.404046083239349,20,3,3,39.31562119561134,-116.8463588477111,763919.1792507166
10.312761089746802,41,2,3,35.721202152416986,-121.28857746619411,604449.2984046896
8.32291594676767,46,1,4,37.21884328157943,-116.39671778595863,486928.29885509465
6.023626777729035,12,1,3,32.679732998194034,-116.77588615536456,426102.6501886577
13.280807571383516,6,6,1,33.8122556104971,-123.92608098555706,863638.5050263898
6.494231503916895,17,1,4,41.571969635192346,-118.90864587078401,454205.1146604844
12.432392152602079,19,3,2,40.90138053446914,-122.60680517621954,749458.282984727
7.147888719983058,26,4,4,38.522751108990505,-115.33772969421324,496427.2165254716
6.277222011948706,48,3,1,36.59644597385737,-115.28414117137594,385284.99317330314
7.47751699937449,44,4,1,38.75761292895224,-119.81654192506242,475701.9868357308
5.219290238297989,44,2,1,38.18610289093939,-119.55604381548919,339972.9433317415
11.466531322467516,32,5,1,37.685522556046124,-120.96717060595473,707405.712932616
8.038085461294708,6,4,1,32.591770718635416,-116.8339370103997,555235.2109975948
4.250977732055443,36,1,2,38.32802610661507,-120.4133863697354,293033.506548165
13.594044025843958,38,3,3,39.689200445711684,-121.32207525477367,783142.5258412577
6.3744770992249595,11,2,1,41.94081654645576,-119.67768940495492,442299.6232659397
8.60974005559584,33,1,1,32.11078552594309,-123.08512481612541,507281.39904214296
13.690609553503657,24,2,4,39.30173453310677,-116.53396795355796,819339.172368847
9.73933194279589,23,5,2,37.717893159359804,-123.87403598728213,625079.8883116643
2.6365725699170968,15,7,2,36.340521760809565,-117.55514938479406,317887.9324394326
14.157649730588652,27,3,3,33.27570174571371,-122.17135473245128,825338.5426899497
9.78791274299985,11,6,2,36.09085148634876,-121.67595953785587,657759.2603893094
5.688678605199206,17,3,4,35.543771829861356,-117.6436800135996,427669.9739879465
2.9498090172874214,14,5,4,35.02829888978742,-114.07056534217092,338766.66351167264
12.116352649784144,27,3,3,39.308796233222076,-116.2228251092745,740863.7458456969
9.68101858299919,18,6,4,39.00725521284264,-121.74160367776608,676838.2284795905
8.468455287668501,28,4,1,37.89020090980912,-122.23975244958866,547058.385701216
13.514496162713407,47,2,1,41.38664813293372,-115.3376712973233,730016.8940959955
12.040360957143431,47,6,4,35.49854384180854,-119.55816052078495,724456.8325263823
3.1234483162585165,4,1,3,34.438019377101796,-122.62947197171844,306803.7358497246
5.364108949137675,7,5,2,38.559033130984,-115.37788576678062,459536.1599390722
4.47884795740252,45,4,3,33.98814060937403,-115.83907647085738,311884.87529365334
11.415248096017478,35,1,2,35.15010507183425,-114.16093636102836,655409.6389115273
1.4694540863009113,48,1,4,34.24602440074885,-114.90256313287315,131974.1642558651
8.978455588198432,9,5,4,32.691535677185016,-115.48209661339459,630663.0572166233
11.674421600369667,8,4,1,40.27498741635674,-123.47425602188997,754841.7923401173
13.274718914664492,45,7,2,34.545405429216615,-122.95584630501882,788016.4896142876
5.789144482022705,17,1,3,36.7302750334302,-118.31016805695877,411733.8726555083
12.49760226540818,17,1,4,32.43315273254312,-118.6852075371818,752714.40162751
2.548844317372901,49,4,3,38.99339466252643,-119.42036785510464,218225.61892082467
12.850332084283254,33,3,1,35.30561002306291,-120.03210674585415,755067.1005292744
2.784841272647754,32,1,2,39.4473672782921,-119.68789515135671,242004.6043005947
6.562022067845142,8,2,2,36.12403060467866,-118.30702065865205,490761.1439873749
12.162135120913751,19,4,4,33.95755606405625,-123.97923482399919,773713.8576333465
3.098843982882833,38,1,2,37.13175082282036,-121.39291225867147,228404.406016582
4.209519533256981,3,5,4,33.3050455963744,-118.81720279311288,415120.0178454453
11.111535957502928,5,6,1,36.40539159872995,-116.77783901326353,743704.8915968081
11.08051151164504,13,2,2,35.173054774204864,-122.25843307604603,685665.6942436335
9.976066860394162,47,6,4,41.11959584199633,-118.53118826212567,630029.4904024858
10.7152782225394,46,6,3,32.609287217207196,-116.85540316114218,639916.7015958397
8.598142206866346,31,1,4,38.94017414105742,-119.55372342086095,544959.97010738
4.525186824697339,16,2,2,33.82751165987436,-123.7291886632995,358103.6651736089
5.839743909054873,32,2,1,35.1904507433224,-119.50731841534363,392103.239756992
3.542368035219959,22,3,2,36.15514063062066,-121.03555112255847,312899.01942717144
13.718307858670796,29,6,2,41.080150893749746,-114.70350392298671,844768.9251547359
9.167485126725687,22,2,4,34.42578266073825,-122.75386614321673,593474.3468013005
6.6119198346909585,43,3,3,32.913088025446704,-117.47524044492768,428013.9992773498
7.468081251017858,3,4,2,35.186896039905236,-123.472802336655,539403.6237677136
14.261966754565414,10,3,3,33.046759705355335,-119.53829562187303,873650.5783866268
3.1469196436251226,42,5,4,33.28596485960553,-118.4602051277992,267851.05220576737
9.207217648235162,21,7,3,37.738505979750265,-121.02045068683134,645483.8954734027
8.082441504382523,16,1,4,32.60901933099493,-119.44924364479616,537488.7328435064
9.56035929608507,12,4,1,32.30930881393566,-122.36446205469812,639424.798180504
1.2535425734917671,2,7,3,39.14414101470498,-120.95876150531964,264927.3156926599
13.209734725218121,41,7,3,35.616470948410445,-117.78893675089797,786030.4967422802
14.049655954770573,24,4,1,33.25375349233873,-120.98199944138845,840972.4993804091
8.911864570248925,35,5,3,34.536127708597085,-115.00256921591128,562755.7585924064
10.753111534276492,30,3,1,38.42086507352399,-117.71593042359011,634793.2785467824
13.914991336482139,30,1,2,34.75536567140851,-119.61350981564016,776112.8210811536
10.90134088038758,47,3,4,36.94521125120408,-123.61243064445817,649762.0859683634
3.1355466007996586,35,2,1,33.21695306726672,-119.0045166479533,253902.58082375315
9.068037042335384,19,3,3,37.88093637605447,-116.35223757874911,590999.3943718311
9.494010649359982,8,4,1,35.16077683843264,-121.34442401987586,632596.5999066287
6.937829398233404,26,1,3,38.26968434528717,-115.93226430351233,450382.5668040457
11.31021929874612,49,3,2,40.08394882304023,-121.48193233949118,650750.5708727415
14.081138206766209,40,1,1,38.11646419389992,-115.762536120492,778898.0286704228
13.957959180694868,7,1,2,34.95747562595021,-123.14731658388322,829453.8260707674
7.3117511996578495,30,2,4,34.557437015483,-115.33816291130971,470810.840042915
2.5853326417705738,7,2,3,35.27420958733448,-119.00813549066669,273218.5015799306
14.787776785472683,3,4,3,33.64620513236505,-121.03462410379738,928197.9208646743
12.744573210243077,1,5,2,33.8117185085002,-121.34886749584851,838159.840378806
2.7452775368457356,36,7,4,39.90691101900168,-119.67989441069638,283215.2696920369
13.891786356643212,25,1,1,35.84732576507445,-114.00950501896355,780217.666663088
13.178549068869795,37,5,1,36.35995180570586,-121.79672606562417,762392.6034677826
8.263732799765009,1,7,3,37.94049465566811,-122.96783351121,645222.4410336013
9.277856100429009,15,7,2,37.89653495151548,-118.14964831281338,642756.1483457731
6.586037854181823,37,4,2,32.67376871521926,-119.11457533559744,448378.58714423515
1.7666629435084387,13,7,1,40.315407863376656,-118.75803728936692,276073.05424104986
5.692761383042613,40,7,4,33.77326553223939,-117.33064582442783,426096.25834171753
12.239948280372161,8,1,4,39.230716360496686,-121.32855930129351,752168.0318844747
1.06484832206444,5,1,1,39.726709881281664,-114.89335004616112,181884.0086480042
5.6689884036760185,9,6,1,39.14899534091314,-119.64327933877709,468899.8092249669
6.574361710273206,1,5,2,37.78977646554145,-122.70913804857538,529957.098932794
8.52353844113092,36,3,4,32.14608997108883,-116.57701243266055,543494.04966278
13.877978629778646,35,2,1,35.603754923631705,-117.5689564738215,784807.9954864071
5.848843921123457,2,3,1,38.04839429362581,-120.84256597515963,444700.7327591219
5.8573448265471875,40,5,3,35.874512959225385,-117.78481275965952,426921.9046551909
11.325017473536477,23,2,1,40.63479894912813,-121.80138043631023,689212.299426461
7.3310511724573,9,3,1,35.088022753496155,-119.5516064065947,512337.21972389397
4.144467521159747,34,6,4,34.9353479245866,-115.00587477832674,368622.4859387529
7.334153225857707,46,2,2,34.65997693092658,-122.66465766839251,442764.108981975
2.971998285317198,14,1,4,35.327808689607956,-120.13303550012537,288072.5940120773
3.4694178110871263,4,3,2,37.57404964314187,-115.78857575279653,347913.08593724226
7.977148818352717,30,2,3,39.07015294272591,-114.30509100593822,518210.53456034
6.8649562930636705,31,6,1,38.62567917738785,-119.46073863578204,485942.17287312855
13.807842614953401,38,7,3,40.077178199814796,-118.93000379856653,823235.003138656
6.073514587632864,11,2,2,40.85913995497425,-118.27828038216231,441823.75456147816
9.128236903892608,35,2,4,40.16079042343351,-114.6765185836629,574254.3544044119
9.851700030873426,8,6,4,32.189454033743544,-115.4179320902297,683323.4698989869
1.183322392236671,3,7,3,39.359179535519885,-122.29398875378355,269331.13032695896
10.289523208233948,14,3,2,34.08399573618332,-119.63242182152925,659438.4669000233
3.49250353617652,13,4,3,33.32928042707982,-119.35999571803573,336807.32649965957
14.454984444572371,45,3,3,38.38488784799136,-116.10903888351243,816137.4097034544
3.0812781885435814,32,7,1,35.19743195407695,-117.97107117394565,313356.18455952033
6.804737732178332,34,5,3,32.57117163370443,-117.45779537970986,464457.66796389176
2.194895353101014,45,6,1,33.376297343983616,-114.01800092334382,208389.80894407825
14.956239525843262,19,3,1,32.00929416869961,-123.25039956529987,870736.0909879613
8.030730144637396,38,2,4,41.03223627344707,-121.76990176466268,512144.25423814787
9.335390242480614,16,6,1,32.24617983841239,-119.92104062628454,639143.8365036868
1.9390706834379847,2,1,1,34.09455769509511,-120.52217596951112,236530.73784907404
11.499446585588489,40,7,4,36.16262780687907,-123.78354438653017,729450.7374484829
3.9386783033382007,17,3,3,35.56571325950819,-123.08222393528824,353775.01505781314
13.572760052169993,34,6,2,41.11725876912776,-117.19046708596424,826033.4327692081
3.8719549667481004,42,3,2,32.402889457345424,-115.2067553663744,297165.54434659163
3.669628089291332,16,6,2,37.12214707677052,-118.85772988734023,349048.6350697674
1.5116953498733283,38,2,3,38.80479462524374,-118.60808920486367,177236.02535605477
7.60893723153999,2,1,1,41.31697973681169,-121.44906567167621,525263.0464952237
8.90777586567663,2,1,2,38.20371252123721,-116.32123636366289,606648.7498705334
1.9199209519969331,26,5,3,40.03755236011763,-116.48205412632744,250850.76791469505
11.857386633730147,13,6,1,32.837249378453485,-118.11634310782344,775162.7550814991
7.346043686472386,47,3,4,35.859395109369274,-121.87335713488658,462987.0394540514
8.34146377058612,31,1,2,35.73947134479067,-123.02981781762911,500396.05161339726
7.170678457135194,34,7,1,40.86288216455718,-123.35761424142873,501884.7304236678
6.6106828522545635,39,1,2,33.51371171263275,-118.07303933357122,422074.2347984634
8.83496463831505,3,4,2,33.5188617233663,-115.749646808572,633869.8739106661
3.173363443029975,8,4,2,35.28558149885799,-115.41669568219075,313963.3842254091
3.5469938269337957,23,1,1,32.54466047366837,-119.36377925656551,271294.13581857295
13.064998694189242,14,6,3,33.8245804065249,-116.15728700693283,824201.7979130989
14.245616469870859,27,5,1,41.652096385457355,-114.53119803658976,855060.2207931018
6.226330427916541,29,1,2,36.28183939867173,-121.24829887511932,417850.0812915354
4.790425424009753,39,2,1,38.32019208422437,-120.02039653619242,312926.61218980775
10.015993605346221,39,3,4,39.26111259344637,-114.6852100740332,607975.2610558659
6.722278395373349,1,5,3,35.66961407007201,-120.61769032682716,544335.0106090035
1.355408979244828,17,2,1,33.47227074410517,-114.86123709678203,200754.49530522892
3.186136363126665,41,5,4,34.06581016221781,-114.18955137745535,283573.9343210887
11.023611203863565,30,2,3,35.132664765806105,-117.38189271425576,663890.9909069415
10.224935186742119,13,3,4,38.360684203522254,-115.83109710495832,670497.5757445943
1.3793438950487689,21,3,3,35.98280549089054,-116.50454435778914,200893.64829200305
4.107610267061292,19,4,1,32.068146979001284,-117.00465742384476,349331.1731388351
4.235047152232999,19,6,4,37.23407185067472,-120.93068927018767,394418.9166731527
10.406498410382198,25,2,2,41.21513391907418,-123.42905662092056,646524.6079949342
1.2759475285610982,22,4,4,40.120776110086794,-120.5694826748035,218886.11704743234
2.4575201477840336,31,2,3,40.25211371259631,-117.33064014796093,238709.6535004964
12.198825195224652,17,4,1,39.95058017606131,-122.97470801772198,745743.4088098698
3.4996252687606706,23,3,3,35.237308256104235,-123.88082017021758,307827.9876706272
10.138445509926246,32,5,4,39.65193833754392,-122.60307627397061,633202.2240911251
4.334558934654171,10,7,4,33.43161357811193,-116.84264073589205,414128.3126683573
2.3921794986308322,10,4,2,38.577161472759535,-114.27206298343556,291402.82638493174
4.404410673992357,36,2,1,38.415685666849946,-114.1693530038518,322974.83224009874
11.111737045979229,8,2,1,32.255697990897346,-119.06020850859812,687562.1952865779
12.979750553488,20,7,4,39.87970133590932,-115.30647699007653,831032.3571502387
12.623078103937882,32,6,1,41.032481050951304,-116.63173544248497,776156.0342578689
6.560569414658367,14,3,2,34.67415278472107,-118.98959763015397,466149.5397717853
10.353191911989047,28,2,3,40.12390724186151,-118.27239467044913,633312.1440785209
3.8697801358214936,46,1,1,32.82405971861948,-122.62772853383129,258481.1456719649
5.104068223654186,24,5,4,37.99967858261066,-114.62338539383408,415682.9746905146
13.548701459295676,15,4,3,36.85646865334277,-120.48070229268224,828075.8150032463
1.1820269291503045,22,6,3,37.45923533309,-119.5385074354283,220762.88351808742
2.197119431962553,30,7,2,41.26205201884345,-117.28339769002102,273369.7251326896
3.9104075720443827,4,5,4,40.713152472468536,-120.66097528473446,394147.17402617965
1.371450854233476,13,3,1,39.85083657239757,-121.4574083901107,197729.43111796118
3.5400960912571624,23,6,4,34.73698457678371,-117.6895060672978,353834.5273637009
9.162581853575691,8,4,3,41.11818628686092,-123.7501591771815,618188.4333269917
6.8999437082949715,18,4,4,32.97507692463875,-116.79274887973321,511369.1988966855
13.497403955077647,12,7,1,40.53329216558788,-118.8597663012349,851944.6145588395
12.444209864338173,31,1,1,35.28160072353608,-117.94246269479066,723952.6976204901
5.785442923770264,14,7,2,32.53772311661984,-117.68119840753116,472310.36872757575
4.6319280680380945,34,3,1,38.693569842407484,-118.72949843507436,328404.3518920471
6.315693714341736,18,6,1,34.312799283159556,-118.17466222559264,469251.32722706016
9.264129195207309,34,6,4,34.43571125864632,-117.16211799110125,604374.5862250719
4.752890971520268,11,2,4,35.06047166228772,-116.46881152820326,401944.0714308594
9.738084709887875,41,1,3,32.636847675025166,-116.7254760871388,579794.2656232112
6.731763130677366,12,1,2,33.77127144198254,-115.30383542267738,463637.4424490737
8.728660531927723,49,6,4,32.0513962758556,-122.10556566832597,551891.3455250224
7.105771407894434,15,6,1,36.45409521105787,-119.98852030508202,531950.6985408037
5.122520633586848,31,5,3,32.84255377417971,-114.52203933985543,405711.9050932946
14.278346297470193,49,5,4,38.82652605044199,-120.0340942561367,823708.6448991132
11.69048111823665,29,5,2,34.356228511916484,-122.75129923094077,718269.8268571674
2.961584460730336,26,1,2,41.43574144035177,-118.7455487363782,248457.87826197554
13.15855166257078,18,2,3,40.71251627398652,-122.90509027445538,797796.1275234432
7.824036775493191,32,4,3,34.89440894968208,-121.97146761272134,502298.3866827879
13.52373117651728,22,5,3,39.832154546566784,-114.01681243429043,835774.2389496592
12.197973583262414,38,2,3,40.03244904664806,-118.58637361603868,699563.4694763614
6.9529890625692685,17,7,3,41.86563114114411,-121.15941610959571,542475.373066776
1.3145703164816436,23,3,1,37.97839986845685,-114.05225045426094,177518.23501877615
4.761483031389245,24,5,1,32.81965734643662,-114.33441081444857,382720.219577914
8.582879005252137,8,7,4,38.46837228926381,-119.59260958915736,637573.1369591905
9.868695077566063,41,4,2,38.249797483760354,-121.39596891212092,600704.5196554599
4.610427596064832,6,3,1,38.383505774204316,-115.6160036190781,375466.98763773066
2.950985037019538,5,3,1,35.07145648104211,-116.84379283028214,309948.76547382085
12.689023315190187,44,4,1,40.59679585080333,-117.1305856499649,728295.7033982951
14.78163052984973,29,5,4,41.59472182955412,-115.06886258677528,887901.3293249717
8.359662552237602,28,1,3,34.177125129781516,-117.10582866128675,525087.7576097737
3.403510001876249,11,4,4,32.88152158136644,-121.16202056958451,348469.53821060335
4.812302571271165,1,4,2,33.94535033168484,-117.06136838124267,432764.79855398135
1.2574694716645343,43,4,2,40.20552139255719,-120.94186488716336,154968.09518707314
13.800183291846986,19,3,2,38.76644634819847,-116.40761020343005,836760.6468977511
2.648515160461976,9,2,2,38.36047342339127,-117.80252145508435,279373.4284910024
9.07123065719955,27,7,1,36.01793135109425,-123.22588448015249,596873.2812340074
4.836773089620884,34,1,1,37.77827971511436,-118.87164637564858,310595.1823583636
8.758492035221108,44,5,4,35.078741252743676,-120.56699030804259,549951.7513219372
10.119885436926099,4,5,3,36.77200079417961,-120.71429367267706,706541.1811596489
12.616385251900823,36,7,2,39.93063028370656,-117.97743697622742,780049.6906372687
3.889897804648445,18,2,4,41.812415974554625,-120.77675175530575,342153.3391725944
1.1539416012187267,15,4,1,41.32488923589802,-116.23106251795127,208215.15175418463
2.916398820963302,13,1,1,41.33865942846249,-123.29208563988826,268025.9109868298
13.600260985873472,19,5,3,36.02223734847112,-117.39611747604175,831436.6250948621
13.234461085875214,49,7,3,36.68789880506791,-115.90805196343258,778568.83690204
9.363783430384316,6,6,3,39.056353963689816,-117.2716831007957,664209.7525044321
9.407236046071148,48,7,4,41.22191928051284,-119.02770804980004,587019.8151939459
10.310513443647576,12,5,1,33.419942593520844,-114.49692986263818,673144.0307637152
3.4551979007282942,37,4,1,35.042418638271954,-121.00061510201937,281706.65385832684
13.801767242949436,17,6,3,33.3924684459411,-123.80832112475022,873158.2555746476
6.862787348489023,23,2,2,38.12008529959455,-119.6801062853656,477089.79276623967
6.363939395492965,26,1,3,35.06300996887538,-123.66988064099672,439190.369714955
8.264847873959726,29,2,4,35.26107852512573,-114.46063247473592,534519.349684042
1.6575235348507706,33,2,3,32.70915959487979,-121.90081954251949,184513.6183413607
3.3279671625851117,27,7,3,35.49796061807592,-116.1107297605112,336483.6790705026
11.332470629969187,25,1,4,40.624965074015854,-116.25427916825635,690193.0800408664
2.1591813509517706,10,1,3,34.33072811890835,-121.82271100317067,236509.15327529015
9.444129532529434,47,5,1,38.95187466210066,-117.78773469519832,565503.6233173604
4.434887535538493,23,5,2,38.296283449385925,-123.5192103151355,380938.4453459932
6.450138596587672,21,1,3,40.63484608369115,-119.16425414296133,437021.9183873749
5.041712314789798,21,6,4,33.32287947651038,-123.85352872727513,427241.7838763055
5.979418030509288,43,3,2,41.77589960345043,-114.78856119819159,390603.9823513304
11.066642672579437,13,5,4,37.82628646040366,-114.23913975800428,722866.4212229811
5.15970401872445,37,3,2,41.954741523468144,-121.77717233361415,354852.26418579114
8.929664964156562,33,7,2,41.11514725865851,-121.91893965403628,590518.586870086
7.664705630787395,24,6,3,34.215172721131054,-116.46279823437871,531021.1827953317
10.291396315077074,44,1,1,32.56162009903313,-121.46620601170666,562295.5686705944
14.115616350546611,11,6,3,34.556390937953616,-115.04923440838155,903731.7288376038
11.256009360943505,17,5,4,37.2756364899942,-118.26070863877018,726992.5923463596
4.0091653002705945,4,2,4,33.7159636706519,-120.49222376989688,368000.6280006942
1.4365638908579854,47,7,2,33.674597445179884,-115.6730625365058,186789.96175056248
4.671696620197551,25,1,2,36.625935471051534,-119.06593299586605,351805.2083633378
9.331091029803568,30,4,1,32.33267971169359,-114.88367086291524,579333.4542561516
1.7199613887795049,9,7,3,33.21888082532271,-114.7198576327062,285887.7738211433
7.949127460817309,21,3,4,36.158613394079474,-122.3457984787159,551638.2805554034
9.355799884836449,20,6,2,32.631299092079665,-123.9767659386807,643048.0012455767
5.679414471437451,19,1,1,35.967550564555296,-114.16069059857598,386553.7661072609
11.792770852441507,19,7,4,36.74006265948445,-114.9386246387252,785717.8419159466
2.4923755438728055,12,6,2,36.51266614073114,-123.44554764296159,304364.38379577704
2.0519289443013227,37,1,4,40.691748574030875,-115.6696573605893,193085.51337762678
11.194642586850447,42,5,1,37.30062455051733,-119.42195067440794,654736.5285150007
7.9368784268867785,17,7,1,36.67980462478043,-121.41038394975024,560261.9667570526
10.637633549988305,37,5,4,36.107092453916664,-115.2125347632307,669719.8567086282
7.087582740452447,48,7,3,40.176233783044864,-122.03332767609693,478272.9715932813
4.449628465347495,39,5,4,40.950566039998336,-114.52700000579932,347586.9443458301
12.467432447438796,28,6,2,40.53242469197117,-121.94378512300659,779256.8692315117
12.19182230556571,41,4,3,38.735465781313906,-117.86316812271257,725556.5022480187
10.725750591961974,35,7,2,33.37361745968674,-121.76913665471025,671054.7746281794
4.810031921219478,47,7,4,34.76869969492012,-118.54331335031365,374808.35054530314
9.26322933616722,48,5,3,32.46063063681977,-117.16024870084858,556222.0892766914
6.053634557160375,18,1,2,41.308240749901145,-122.09772069179863,429222.98043889017
2.282149026572878,14,7,4,38.607985296909106,-118.7911421729932,315816.1060166581
13.842390056471398,35,5,4,39.46362884313241,-119.3094025560988,840817.9414560737
2.9154608328654597,44,2,3,35.11571739582229,-123.28962578596659,214841.7821339656
14.303322953491234,41,5,4,40.456535222773425,-115.81692182324697,824877.7893090993
7.24408082141138,7,6,1,34.596032837084785,-120.64317599357159,541669.653311365
